10923,3.004683,0,333.6351,0.05793544,398.8519,-0.002200808,0.6313946,0.001791954,0.7754565,0.1432395,0.03118537,1.965732E-10,
10923,3.09929,0,333.6351,0.05569388,398.8519,-0.001822648,0.6313955,0.001484051,0.7754574,0.00381016,0.0008294,8.619125E-12,
10923,3.200405,0,333.6351,0.05708522,398.8519,-0.001931105,0.6313953,0.001572348,0.7754572,0.03314792,0.007215997,-2.335715E-11,
10923,3.301032,0,333.6375,0.05787057,398.8524,-0.002061247,0.6313006,0.001677044,0.7755337,0.1196033,0.02603329,-2.524444E-08,
10923,3.402145,0,333.649,0.05768361,398.8548,-0.002035645,0.631139,0.001655832,0.7756653,0.3801742,0.08272398,-4.886978E-08,
10923,3.503382,0,333.6792,0.05739214,398.8611,-0.00196393,0.6309981,0.001596525,0.7757803,0.888683,0.1933157,-1.934313E-07,
10923,3.604126,0,333.7343,0.05727508,398.8726,-0.001935784,0.6309196,0.001573958,0.7758442,1.449988,0.3153662,-8.243607E-08,
10923,3.705889,0,333.8336,0.05720999,398.8932,-0.001945987,0.6310655,0.001583986,0.7757255,2.149837,0.4677115,4.747087E-07,
10923,3.806324,0,333.9471,0.05711585,398.9147,-0.001955225,0.6315697,0.001560166,0.775315,2.780086,0.6054006,-2.235389E-05,
10923,3.908078,0,334.0898,0.08814687,398.9318,0.01805908,0.6341428,0.007682793,0.7729669,0.04754448,3.595377,0.09101751,
10923,4.009773,0,334.2502,0.1130246,398.9377,0.02576078,0.6396192,0.005864099,0.7682378,0.08628164,3.735972,0.1129407,
10923,4.110888,0,334.4272,0.111418,398.9273,0.01916982,0.6491711,-0.008092776,0.7603577,0.1182963,4.215452,0.03755125,
10923,4.211945,0,334.6423,0.1237717,398.9023,0.01676517,0.6601536,-0.02129707,0.7506415,0.04352106,1.177496,5.121098,
10923,4.312394,0,334.9016,0.1244181,398.8657,0.0176087,0.6734275,-0.01733837,0.7388401,0.04809303,1.439295,6.11604,
10923,4.413646,0,335.2079,0.1229104,398.8238,0.01733657,0.6878797,-0.01544622,0.7254533,0.2246713,7.345374,0.006976622,
10923,4.514334,0,335.5627,0.1223889,398.7867,0.01691358,0.6995093,-0.01629159,0.7142375,0.2536496,8.3702,0.002109939,
10923,4.615439,0,335.958,0.1222686,398.7621,0.0167852,0.7065666,-0.01690996,0.7072453,0.06727403,2.21604,8.869327,
10923,4.7157,0,336.3813,0.1204352,398.753,0.01622282,0.7094786,-0.01645996,0.7043481,0.06864041,2.343254,9.329681,
10923,4.815827,0,336.8103,0.08471526,398.7491,0.006198105,0.7111406,-0.006287478,0.7029944,0.1075397,9.636566,-0.0001503005,
10923,4.91827,0,337.2404,0.04107257,398.7441,-0.00598169,0.7120641,0.006036893,0.7020631,9.337868,2.361878,-6.279707E-05,
10923,5.01942,0,337.668,0.0488106,398.7376,-0.003834765,0.7122766,0.003880866,0.7018778,9.24324,2.336503,-2.216516E-05,
10923,5.120336,0,338.0913,0.05788385,398.7313,-0.001254961,0.7123427,0.001280025,0.7018296,9.144011,2.308958,1.28051E-05,
10923,5.220749,0,338.5102,0.05745531,398.725,-0.001367255,0.7123607,0.001390286,0.7018108,9.048914,2.285134,5.011791E-06,
10923,5.321651,0,338.9248,0.05582054,398.7188,-0.001849275,0.7123651,0.001876332,0.7018042,8.95545,2.262047,-1.54444E-06,
10923,5.423336,0,339.3351,0.0557507,398.7127,-0.001882341,0.7123666,0.001910262,0.7018024,8.863247,2.238798,-8.191779E-07,
10923,5.523498,0,339.7412,0.05604982,398.7066,-0.001798596,0.7123672,0.00182578,0.7018023,8.771976,2.215661,2.104855E-07,
10923,5.624946,0,340.223,0.05610162,398.6994,-0.001786064,0.7123674,0.001813017,0.7018022,8.663636,2.188284,1.246665E-07,
10923,5.725281,0,340.6199,0.05607425,398.6935,-0.001799542,0.7123674,0.001826607,0.7018021,8.574388,2.165755,-5.18336E-08,
92568,8.087078,0,333.6351,0.05793544,398.8519,-0.002200808,0.6313946,0.001791954,0.7754565,0.1432395,0.03118537,1.965732E-10,
92568,8.184758,0,333.6351,0.05569388,398.8519,-0.001822648,0.6313955,0.001484051,0.7754574,0.00381016,0.0008294,8.619125E-12,
92568,8.286799,0,333.6351,0.0573485,398.8519,-0.001968791,0.6313952,0.001603037,0.7754571,0.02877661,0.006264501,1.494117E-11,
92568,8.387466,0,333.6351,0.0578891,398.8519,-0.002079811,0.631395,0.001693405,0.7754568,0.001554756,0.0003384768,-9.687439E-12,
92568,8.495579,0,333.6351,0.05766552,398.8519,-0.002059695,0.631395,0.001677044,0.7754568,0.006284996,0.001368258,-1.142181E-11,
92568,8.597057,0,333.6351,0.05749259,398.8519,-0.00202446,0.6313951,0.001648359,0.7754568,0.00170644,0.0003714906,-1.835339E-12,
92568,8.705067,0,333.6354,0.05750803,398.852,-0.00202046,0.6313951,0.001645103,0.7754569,0.03801395,0.008275591,-2.114758E-11,
92568,8.808261,0,333.6449,0.05752924,398.8539,-0.002000842,0.6314119,0.001629509,0.7754433,0.3504494,0.07629423,2.639722E-08,
92568,8.908343,0,333.6766,0.05744079,398.8605,-0.001949817,0.6315176,0.001588561,0.7753575,1.015048,0.2210195,1.159071E-07,
92568,9.009948,0,333.7459,0.0572736,398.8748,-0.001898371,0.6315407,0.001545876,0.7753389,1.957191,0.4261736,-1.997495E-07,
92568,9.110955,0,333.8632,0.05707328,398.8991,-0.001866713,0.6315457,0.001520343,0.775335,3.066936,0.6678153,-1.361435E-07,
92568,9.211691,0,334.0322,0.06809629,398.934,0.005876739,0.6314566,0.004046649,0.7753784,0.01317472,4.499037,0.04508392,
92568,9.312753,0,334.2384,0.1075464,398.9778,0.0259298,0.6308998,0.008072034,0.775389,0.1099718,5.004861,0.1657857,
92568,9.413498,0,334.4736,0.1159483,399.0271,0.02139099,0.6313094,-0.005140968,0.7752189,0.1657684,5.713768,0.07962716,
92568,9.514062,0,334.7567,0.1253038,399.0838,0.0173545,0.6302984,-0.02133004,0.7758658,0.0584118,1.479913,6.804007,
92568,9.615463,0,335.0927,0.1226731,399.153,0.01835622,0.6284513,-0.01626902,0.7774621,0.06242526,1.731671,8.000093,
92568,9.716121,0,335.4847,0.1218664,399.2371,0.01863091,0.6280105,-0.01390028,0.7778577,0.3243703,9.484384,0.0124124,
92568,9.817536,0,335.933,0.1221804,399.3338,0.0184972,0.6278396,-0.014625,0.7779855,0.3737686,10.7623,0.003732686,
92568,9.919143,0,336.4321,0.1152496,399.4414,0.01283358,0.6285113,-0.01696285,0.7775097,0.07614206,2.506842,11.56754,
92568,10.02004,0,336.9688,0.07371791,399.5569,-4.069143E-05,0.6292345,-0.006663524,0.777187,0.01639872,2.681918,12.35965,
92568,10.12116,0,337.5579,0.03770977,399.6841,-0.006579199,0.6286061,0.007258609,0.7776622,14.00098,3.038923,0.006747242,
92568,10.22191,0,338.2185,0.05476635,399.828,-0.001791212,0.6265805,0.002066582,0.779352,15.06051,3.249024,0.002342699,
92568,10.32306,0,338.8978,0.05858073,399.9771,-0.001160995,0.6266688,0.000617072,0.7792845,10.91968,2.355059,10.92331,
92568,10.42389,0,339.5844,0.05566981,400.1272,-0.001993649,0.6279405,0.001585148,0.7782572,15.4532,3.342188,-8.979515E-05,
92568,10.5792,0,340.6934,0.05572411,400.3622,-0.001967103,0.6315021,0.001588225,0.7753701,15.39156,3.351317,-5.279557E-05,
99117,7.619703,0,333.6351,0.05793544,398.8519,-0.002200808,0.6313946,0.001791954,0.7754565,0.1432395,0.03118537,1.965732E-10,
99117,7.709188,0,333.6351,0.05569388,398.8519,-0.001822648,0.6313955,0.001484051,0.7754574,0.00381016,0.0008294,8.619125E-12,
99117,7.810585,0,333.6351,0.05708522,398.8519,-0.001931105,0.6313953,0.001572348,0.7754572,0.03314792,0.007215997,-2.335715E-11,
99117,7.911149,0,333.6351,0.05787491,398.8519,-0.002070714,0.631395,0.001686007,0.7754568,0.005967767,0.001299203,-2.456804E-11,
99117,8.012547,0,333.6351,0.05772302,398.8519,-0.002068523,0.631395,0.001684241,0.7754568,0.006328083,0.001377643,1.642879E-12,
99117,8.112926,0,333.6351,0.05750819,398.8519,-0.002028789,0.6313952,0.001651883,0.7754569,0.002746822,0.000597982,-3.259931E-12,
99117,8.214046,0,333.6351,0.05750823,398.8519,-0.002022709,0.631395,0.001646921,0.7754569,0.001117094,0.0002431903,-4.557318E-12,
99117,8.328465,0,333.6351,0.05755258,398.8519,-0.002031777,0.631395,0.001654327,0.775457,0.0006490382,0.0001412955,1.131349E-12,
99117,8.4292,0,333.6351,0.05755875,398.8519,-0.002034109,0.631395,0.001656212,0.7754569,0.0001186334,2.58265E-05,-2.067921E-13,
99117,8.530341,0,333.6351,0.05754954,398.8519,-0.002032217,0.631395,0.001654662,0.775457,0.0001832313,3.988943E-05,-7.13539E-13,
99117,8.630857,0,333.6351,0.05754599,398.8519,-0.002031241,0.631395,0.00165388,0.775457,1.246821E-05,2.714325E-06,-1.017314E-14,
99117,8.732582,0,333.6351,0.05754746,398.8519,-0.002031516,0.631395,0.001654103,0.775457,4.180144E-05,9.100163E-06,-4.34088E-14,
99117,8.834976,0,333.6351,0.05754868,398.8519,-0.002031844,0.631395,0.001654372,0.775457,6.412264E-06,1.395949E-06,-4.280678E-15,
99117,8.936478,0,333.6351,0.05754851,398.8519,-0.002031814,0.631395,0.001654334,0.775457,8.118889E-06,1.76748E-06,-3.191766E-14,
99117,9.037064,0,333.6351,0.05754824,398.8519,-0.002031732,0.631395,0.001654282,0.775457,3.75396E-06,8.172363E-07,-1.113803E-15,
99117,9.136908,0,333.6351,0.05754824,398.8519,-0.002031725,0.631395,0.001654282,0.775457,1.43056E-06,3.114327E-07,1.697793E-15,
99117,9.238527,0,333.6351,0.0575483,398.8519,-0.002031747,0.631395,0.001654297,0.775457,1.563279E-06,3.403256E-07,5.797827E-16,
99117,9.340816,0,333.6351,0.05754831,398.8519,-0.002031747,0.631395,0.001654297,0.775457,1.213831E-06,2.642507E-07,4.501806E-16,
99117,9.442321,0,333.6351,0.0575483,398.8519,-0.002031747,0.631395,0.001654297,0.775457,1.31668E-06,2.866409E-07,4.883249E-16,
99117,9.543481,0,333.6351,0.05754828,398.8519,-0.002031747,0.631395,0.001654297,0.775457,1.356471E-06,2.953034E-07,5.030822E-16,
99117,9.64379,0,333.6351,0.05754829,398.8519,-0.002031747,0.631395,0.00165429,0.775457,1.290946E-06,2.810387E-07,-1.867245E-15,
99117,9.744686,0,333.6351,0.0575483,398.8519,-0.002031747,0.631395,0.00165429,0.775457,1.310623E-06,2.853222E-07,-1.895705E-15,
99117,9.845423,0,333.6351,0.05754831,398.8519,-0.002031747,0.631395,0.001654297,0.775457,1.216639E-06,2.648621E-07,4.512222E-16,
99117,9.94671,0,333.6351,0.0575483,398.8519,-0.002031747,0.631395,0.001654297,0.775457,1.301499E-06,2.83336E-07,4.826945E-16,
99117,10.04792,0,333.6351,0.05754828,398.8519,-0.002031747,0.631395,0.00165429,0.775457,1.23349E-06,2.685305E-07,-1.78414E-15,
99117,10.14949,0,333.6351,0.0575483,398.8519,-0.002031747,0.631395,0.00165429,0.775457,1.211551E-06,2.637544E-07,-1.752407E-15,
99117,10.25036,0,333.6351,0.05754831,398.8519,-0.002031747,0.631395,0.001654297,0.775457,1.265044E-06,2.753998E-07,4.691744E-16,
99117,10.35076,0,333.6351,0.05754831,398.8519,-0.002031747,0.631395,0.001654297,0.775457,1.313741E-06,2.860012E-07,4.872351E-16,
99117,10.45211,0,333.6351,0.05754829,398.8519,-0.002031747,0.631395,0.001654297,0.775457,1.410534E-06,3.070728E-07,5.231329E-16,
99117,10.58045,0,333.6351,0.05754829,398.8519,-0.002031747,0.631395,0.00165429,0.775457,1.313228E-06,2.858894E-07,-1.899474E-15,
99117,10.67973,0,333.6351,0.0575483,398.8519,-0.002031747,0.631395,0.00165429,0.775457,1.215942E-06,2.647102E-07,-1.758757E-15,
99117,10.78117,0,333.6351,0.0575483,398.8519,-0.002031747,0.631395,0.00165429,0.775457,1.197724E-06,2.607443E-07,-1.732407E-15,
99117,10.98128,0,333.6351,0.05754828,398.8519,-0.002031747,0.631395,0.001654305,0.775457,1.418999E-06,3.089158E-07,3.157635E-15,
99117,11.18208,0,333.6351,0.05754831,398.8519,-0.002031747,0.631395,0.00165429,0.775457,1.286648E-06,2.801031E-07,-1.861029E-15,
99117,11.38229,0,333.6351,0.05754828,398.8519,-0.002031747,0.631395,0.001654297,0.775457,1.495398E-06,3.255477E-07,5.54607E-16,
99117,11.58206,0,333.6351,0.05754828,398.8519,-0.002031747,0.631395,0.001654297,0.775457,1.239026E-06,2.697356E-07,4.595247E-16,
99117,11.78189,0,333.6351,0.0575483,398.8519,-0.002031747,0.631395,0.00165429,0.775457,1.331321E-06,2.898282E-07,-1.925643E-15,
99117,25.63561,0,333.6351,0.05754828,398.8519,-0.002031747,0.631395,0.001654297,0.775457,1.330956E-06,2.897487E-07,4.936194E-16,
99117,28.29647,0,333.6351,0.05754829,398.8519,-0.002031747,0.631395,0.001654297,0.775457,1.451782E-06,3.160526E-07,5.384309E-16,
99117,30.67346,0,333.6351,0.05754828,398.8519,-0.002031747,0.631395,0.001654297,0.775457,1.28434E-06,2.796005E-07,4.763307E-16,
99117,138.9103,0,333.6351,0.05754829,398.8519,-0.002031747,0.631395,0.001654297,0.775457,1.4655E-06,3.190391E-07,5.435188E-16,
1326,8.450874,0,333.6351,0.05793544,398.8519,-0.002200808,0.6313946,0.001791954,0.7754565,0.1432395,0.03118537,1.965732E-10,
1326,8.56535,0,333.6351,0.05614236,398.8519,-0.001832222,0.6313955,0.001491852,0.7754574,0.02951385,0.006424632,1.06167E-10,
1326,8.668288,0,333.6351,0.05756058,398.8519,-0.002003249,0.6313952,0.001631081,0.775457,0.02318075,0.005046386,-6.275867E-11,
1326,8.769011,0,333.6351,0.05787208,398.8519,-0.002083014,0.631395,0.001696028,0.7754568,0.001860788,0.0004051017,-5.107009E-12,
1326,8.869795,0,333.6351,0.05761299,398.8519,-0.002050634,0.631395,0.00166966,0.7754568,0.005742307,0.001250109,-2.001918E-11,
1326,8.970981,0,333.6351,0.05748533,398.8519,-0.002021719,0.6313951,0.001646131,0.7754568,0.00079413,0.0001728813,8.835672E-14,
1326,9.071104,0,333.6351,0.05751907,398.8519,-0.002024587,0.631395,0.001648463,0.7754569,0.001185388,0.0002580579,-7.913347E-13,
1326,9.1717,0,333.6351,0.05755669,398.8519,-0.002032895,0.631395,0.001655228,0.775457,0.0004494178,9.783822E-05,-1.666783E-13,
1326,9.272454,0,333.6351,0.0575571,398.8519,-0.002033848,0.631395,0.001655996,0.775457,0.0001809106,3.938422E-05,-4.696679E-13,
1326,9.372685,0,333.6351,0.05754818,398.8519,-0.002031881,0.631395,0.001654394,0.775457,0.0001483817,3.230267E-05,-3.962247E-13,
1326,9.474438,0,333.6351,0.05754611,398.8519,-0.00203124,0.631395,0.001653872,0.7754569,1.209203E-05,2.632432E-06,-3.228942E-14,
1326,9.58986,0,333.6357,0.05754654,398.852,-0.002029013,0.631395,0.001652069,0.7754569,0.007085544,0.00154252,-2.627854E-13,
1326,9.682055,0,333.6461,0.05751964,398.8542,-0.001991104,0.6314034,0.001621492,0.7754503,0.4412014,0.09604936,2.762043E-08,
1326,9.781964,0,333.6858,0.05740147,398.8624,-0.00192632,0.6314667,0.0015691,0.775399,1.253424,0.2728952,1.084016E-07,
1326,9.882769,0,333.774,0.05719994,398.8806,-0.001859034,0.6314756,0.001513779,0.775392,2.497503,0.5437497,-1.290191E-07,
1326,9.983644,0,333.9235,0.05694447,398.9115,-0.001822407,0.6314644,0.001484036,0.7754013,3.898576,0.8487566,-7.633611E-08,
1326,10.08553,0,334.1321,0.08782444,398.955,0.01817254,0.6311922,0.007664382,0.7753757,0.0709293,5.23849,0.1335257,
1326,10.18573,0,334.3724,0.1124197,399.006,0.02561165,0.6315346,0.005607158,0.7749043,0.1365724,5.729301,0.1719793,
1326,10.28655,0,334.6461,0.1251239,399.0617,0.01841442,0.6323403,-0.01856583,0.7742493,0.05434682,1.430871,6.558766,
1326,10.38797,0,334.9708,0.1241536,399.1263,0.01769578,0.6309069,-0.01939476,0.7754142,0.06343852,1.668196,7.664826,
1326,10.48822,0,335.3477,0.1211853,399.2044,0.01850651,0.630219,-0.01413172,0.7760683,0.311024,9.113819,0.009309665,
1326,10.58871,0,335.7789,0.1219535,399.2948,0.01848056,0.6302353,-0.01420041,0.7760544,0.3529485,10.33234,0.009505232,
1326,10.68958,0,336.2612,0.1202082,399.3959,0.01655055,0.6304029,-0.01574056,0.775932,0.08113924,2.430818,11.18707,
1326,10.79081,0,336.7838,0.09601595,399.5051,0.00587195,0.6311198,-0.01326271,0.7755498,0.04947359,2.614176,11.99928,
1326,10.89289,0,337.3451,0.04041058,399.6227,-0.006924268,0.6302971,0.005371571,0.7763046,9.437802,2.054463,9.463611,
1326,10.99432,0,337.9865,0.04789392,399.7599,-0.003432801,0.629187,0.004386455,0.777234,14.96351,3.246915,0.005961723,
1326,11.0957,0,338.678,0.05889839,399.9078,-0.0008893659,0.6289293,0.0004955306,0.7774618,11.25748,2.4381,11.26046,
1326,11.19629,0,339.4116,0.05643617,400.0647,-0.001619454,0.6286503,0.001159504,0.7776856,12.05463,2.610187,12.06181,
1326,11.2975,0,340.1909,0.05488769,400.2318,-0.001946106,0.6284542,0.001621917,0.7778425,17.81349,3.856397,0.0002188088,
1326,11.39769,0,341.0188,0.05518736,400.4098,-0.001788445,0.6281961,0.001454294,0.7780517,18.96892,4.104225,4.846902E-05,
1326,11.49817,0,341.8944,0.05515555,400.5919,-0.001803694,0.6292521,0.001330659,0.777198,14.26473,3.092508,14.27445,
1326,11.60064,0,343.0174,0.05485909,400.763,-0.001998281,0.6421384,0.00116583,0.7665854,15.15608,3.366389,15.16521,
1326,11.70116,0,344.0112,0.05469854,400.8382,-0.001873496,0.6627066,0.001337729,0.7488756,15.83155,3.653312,15.84189,
1326,11.80206,0,345.0524,0.05455,400.8836,-0.001572429,0.6806509,0.001633234,0.7326044,23.08565,5.505359,0.000928338,
1326,11.90219,0,346.141,0.05436845,400.9267,-0.001512563,0.6904142,0.001659408,0.7234108,24.10309,5.850914,0.001198803,
1326,12.00319,0,347.279,0.0541847,400.9661,-0.001592194,0.6954741,0.001553461,0.7185478,25.177,6.167858,7.142758E-05,
1326,12.10411,0,348.4682,0.05400049,400.9991,-0.001614346,0.6985328,0.001511835,0.7155746,26.29261,6.476857,-0.0003839437,
1326,12.20609,0,349.7085,0.05381355,400.9957,-0.001787603,0.7065991,0.001337156,0.7076106,19.61408,4.902507,19.62591,
1326,12.30651,0,350.9936,0.05364683,400.9115,-0.001785678,0.7243363,0.001356639,0.6894432,20.35257,5.251707,20.3646,
1326,12.40751,0,352.3263,0.0534616,400.7678,-0.001431352,0.7411466,0.001654282,0.6713397,29.42941,7.825386,0.0004663105,
1326,12.50932,0,353.7033,0.05327301,400.5967,-0.001369942,0.7514521,0.001730271,0.6597839,30.29464,8.204911,0.001082327,
1326,12.61101,0,355.1118,0.05315818,400.4001,-0.001479874,0.7588896,0.001691341,0.6512155,30.92675,8.488003,-0.0002131183,
1326,12.7131,0,356.5359,0.05309613,400.1775,-0.00153742,0.7653754,0.001743786,0.6435798,22.33303,6.200836,22.34918,
1326,12.81319,0,357.9457,0.05316559,399.9356,-0.001593211,0.7694,0.001833677,0.6387627,22.09565,6.179315,22.11236,
1326,12.91358,0,359.3383,0.05325396,399.6812,-0.001576349,0.7718189,0.001843646,0.6358377,30.36063,8.527415,-0.0004293837,
1326,13.01447,0,360.7145,0.05328928,399.4192,-0.0015541,0.7732795,0.001840755,0.6340607,30.04145,8.459735,-0.0003311503,
1326,13.11576,0,362.0753,0.05333257,399.1528,-0.001546898,0.7741647,0.001850545,0.6329796,29.72809,8.384732,-0.0002480795,
1326,13.21649,0,363.4262,0.05337727,398.8833,-0.001522056,0.7747026,0.001834705,0.6323213,29.65742,8.372756,-0.0001796638,
1326,13.32207,0,365.0602,0.05331654,398.5527,-0.001451778,0.7750818,0.001761243,0.6318568,30.16094,8.520394,-0.0001190703,
1326,13.42366,0,366.4555,0.05316948,398.2679,-0.001396854,0.7752701,0.00170096,0.6316261,31.03897,8.771152,-8.471605E-05,
1326,13.52526,0,367.8998,0.05297121,397.9794,-0.001280153,0.7739293,0.001730852,0.6332685,32.14894,9.062955,0.001078791,
1326,13.6265,0,369.4007,0.05278775,397.7369,-0.001085427,0.76379,0.001924895,0.6454611,33.15628,9.179502,0.004366133,
1326,13.72785,0,370.9591,0.05263914,397.5654,-0.001322246,0.7470796,0.001720734,0.664731,34.31583,9.221711,0.001705213,
1326,13.82843,0,372.5722,0.05244911,397.4283,-0.001567083,0.7346235,0.001466997,0.6784716,25.48103,6.696952,25.49714,
1326,13.93023,0,374.232,0.05226237,397.2787,-0.001712903,0.7332925,0.001341507,0.6799099,26.17661,6.863449,26.19165,
1326,14.0312,0,375.9246,0.05212614,397.0521,-0.001727125,0.746689,0.001362033,0.6651697,26.80926,7.199462,26.82447,
1326,14.13112,0,377.6533,0.05196608,396.7488,-0.001362858,0.7633358,0.001636319,0.6459985,38.26767,10.58591,0.000204066,
1326,14.23305,0,379.4235,0.05176871,396.3999,-0.001235055,0.7746108,0.001713276,0.6324347,39.26381,11.08199,0.001586432,
1326,14.33503,0,381.2352,0.05158833,396.011,-0.001316793,0.7818537,0.001637623,0.6234584,40.2691,11.51365,-0.0001096673,
1326,14.43592,0,383.0923,0.05142228,395.61,-0.001157984,0.7825488,0.001772411,0.6225855,41.23173,11.80356,0.002591201,
1326,14.53665,0,385.0026,0.05128068,395.2679,-0.001050599,0.7708353,0.001888253,0.6370308,42.16862,11.82202,0.005279223,
1326,14.63671,0,386.9689,0.05112616,394.9894,-0.001380882,0.7556767,0.001576453,0.6549416,43.26522,11.80598,-0.0001518094,
1326,14.7369,0,388.9873,0.05094207,394.748,-0.001462115,0.7445244,0.001478404,0.667592,31.87335,8.526166,31.89341,
1326,14.8376,0,391.0557,0.05077008,394.5366,-0.001399667,0.7370503,0.001524932,0.6758347,45.3648,11.97434,-1.477616E-05,
1326,14.9382,0,393.1654,0.05061664,394.3083,-0.00163493,0.739365,0.001332216,0.6733015,33.22143,8.805379,33.2402,
1326,15.03854,0,395.2953,0.0505022,393.9774,-0.001786669,0.7572242,0.001261123,0.6531514,33.65543,9.209171,33.6725,
1326,15.13868,0,397.4292,0.05039553,393.4832,-0.001586751,0.7856602,0.001421593,0.6186546,34.20807,9.847478,34.22694,
1326,15.23942,0,399.5673,0.05022353,392.8343,-0.001217103,0.8114398,0.001656637,0.5844324,48.24398,14.54624,-0.0002983233,
1326,15.34021,0,402.143,0.05001111,391.9,-0.001172255,0.8317745,0.001668342,0.55511,49.21783,15.39922,-0.0007672039,
1326,15.44083,0,404.2983,0.0498577,391.0116,-0.001230691,0.842722,0.001626819,0.5383452,36.22766,11.5659,36.24926,
1326,15.54201,0,406.4644,0.04970659,390.0394,-0.001208273,0.8501874,0.00164029,0.5264764,36.86057,11.93257,36.88248,
1326,15.64204,0,408.6442,0.04955296,388.9962,-0.001175448,0.8553418,0.001655594,0.5180603,37.49308,12.25516,37.5155,
1326,15.74387,0,410.832,0.04940198,387.8773,-0.001311345,0.8613641,0.00157629,0.507984,38.07222,12.58682,38.09278,
1326,15.84569,0,412.9872,0.04928097,386.6309,-0.00153627,0.8747374,0.00149557,0.4845926,38.45419,13.04326,38.47175,
1326,15.9462,0,415.065,0.04919642,385.2067,-0.001403121,0.8946164,0.001592822,0.44683,38.88228,13.71702,38.90096,
1326,16.04807,0,417.0637,0.04905708,383.6104,-0.0009766357,0.912412,0.001772016,0.4092678,39.41536,14.42677,39.43859,
1326,16.14893,0,419.0017,0.04888923,381.8791,-0.0008814554,0.9244191,0.001795806,0.3813732,39.96508,15.01448,39.98884,
1326,16.25028,0,420.8886,0.04874129,380.0348,-0.0009376941,0.932462,0.001769006,0.3612627,40.51949,15.50226,40.54211,
1326,16.3509,0,422.7347,0.04860535,378.0952,-0.000911353,0.9379327,0.001781471,0.3468116,41.07779,15.91803,41.10068,
1326,16.45157,0,424.5499,0.04846725,376.0742,-0.0008741847,0.9417756,0.001793407,0.3362361,41.63795,16.2843,41.66133,
1326,16.5519,0,426.3179,0.04833204,373.965,-0.001091306,0.9470173,0.001729369,0.3211763,42.09554,16.6771,42.11579,
1326,16.65206,0,427.9704,0.04823942,371.7315,-0.00123736,0.9570166,0.001730226,0.2900254,42.39839,17.23907,42.41639,
1326,16.75363,0,429.4707,0.04814825,369.3562,-0.000866722,0.9681213,0.001835205,0.2504735,42.82333,17.9721,42.84535,
1326,16.85475,0,430.846,0.04800046,366.8634,-0.0005579501,0.975778,0.001890838,0.2187543,43.30521,18.62427,43.33053,
1326,16.95495,0,432.1173,0.04785112,364.2744,-0.0006133774,0.9807035,0.001868926,0.1954912,43.796,19.16697,43.81995,
1326,17.05606,0,433.3014,0.0477219,361.6045,-0.0006174672,0.9839363,0.001870297,0.1785089,44.2934,19.62853,44.31705,
1326,17.15672,0,434.4139,0.04759698,358.8651,-0.0005670463,0.9861146,0.001880668,0.1660547,44.79751,20.03231,44.82179,
1326,17.25741,0,435.4691,0.04746757,356.0649,-0.0005216698,0.9876195,0.001884773,0.1568562,45.30758,20.39487,45.33245,
1326,17.3578,0,436.4788,0.04733739,353.2102,-0.0004810475,0.9886839,0.001886703,0.1500013,45.82172,20.72751,45.84719,
1326,17.45814,0,437.453,0.04720911,350.3058,-0.0004429995,0.9894531,0.00188832,0.1448402,46.33801,21.03804,46.3641,
1326,17.56028,0,438.5759,0.04705764,346.7574,-0.0005378493,0.9905245,0.00187403,0.1373222,46.92127,21.41632,46.946,
1326,17.66087,0,439.3984,0.04695641,343.7359,-0.0008410107,0.9934051,0.001873672,0.114639,47.18063,21.87852,47.20072,
1326,17.76144,0,440.0169,0.04689929,340.6452,-0.0007806288,0.9973355,0.001916125,0.07292299,47.39694,22.61149,47.417,
1326,17.86294,0,440.403,0.04679899,337.4867,-0.0003210377,0.9996088,0.001924708,0.02790356,47.74364,23.46215,47.76897,
1326,17.96491,0,440.5938,0.04665573,334.2765,-0.0001746864,0.9999732,0.001910791,-0.007075381,48.12395,24.18506,48.15033,
1326,18.06631,0,440.6178,0.04652882,331.0277,-0.0002508304,0.9994498,0.001909569,-0.03311267,48.51656,24.78474,48.54107,
1326,18.16731,0,440.5001,0.04641881,327.749,-0.0002347176,0.9986203,0.001915336,-0.05247626,48.92012,25.2929,48.94452,
1326,18.26889,0,440.2633,0.04630838,324.445,-0.0001816169,0.9977549,0.001914777,-0.0669435,49.33539,25.73532,49.36036,
1326,18.36883,0,439.9272,0.04619361,321.118,-0.0001331369,0.9969656,0.001909241,-0.0778196,49.76144,26.13035,49.78698,
1326,18.46978,0,439.5081,0.04607899,317.7687,-8.604534E-05,0.9962881,0.00190267,-0.0860603,50.19609,26.49074,50.22229,
1326,18.5711,0,439.0199,0.04596569,314.3971,-4.132322E-05,0.9957239,0.00189586,-0.09236018,50.63689,26.82535,50.66379,
1326,18.6713,0,438.4612,0.04585395,311.0058,-0.00016355,0.9949182,0.001910873,-0.1006686,51.02605,27.16718,51.05091,
1326,18.77206,0,437.7554,0.04577176,307.6202,-0.0004298514,0.9920783,0.001983896,-0.125605,51.18391,27.66065,51.2041,
1326,18.87377,0,436.809,0.04574125,304.2814,-0.0003865208,0.9855405,0.002042189,-0.1694276,51.16315,28.37182,51.18303,
1326,18.97423,0,435.5459,0.04572995,301.0436,-0.000282656,0.9736223,0.002089806,-0.2281562,50.96154,29.23307,50.98131,
1326,19.07452,0,433.9203,0.04573337,297.9727,-0.0002023682,0.9552202,0.002131417,-0.2958885,50.65839,30.19196,50.67698,
1326,19.17531,0,431.9047,0.08055057,295.1569,-0.0100188,0.9285495,0.01722465,-0.3706735,50.0295,31.18823,49.97493,
1326,19.27638,0,429.4693,0.2280653,292.7282,-0.02226408,0.8931134,0.03394846,-0.4479959,49.54695,32.32681,49.31202,
1326,19.37705,0,426.7469,0.3452137,290.6399,-0.02933288,0.8558244,0.0272303,-0.5157158,49.16076,33.15821,48.67416,
1326,19.47861,0,423.9645,0.3553737,288.6523,-0.04482109,0.8163286,0.01868723,-0.5755427,0.2129168,44.11693,62.49106,
1326,19.57922,0,421.0644,0.3080545,286.8223,-0.04329591,0.7768843,0.0005560294,-0.6281528,0.5362828,45.05831,62.23619,
1326,19.68096,0,417.3278,0.1774771,285.0978,-0.02295064,0.7109072,-0.008776724,-0.7028565,0.4395417,46.16351,61.50692,
1326,19.78163,0,414.0028,0.06526513,284.2236,-0.005699371,0.6349333,-0.002456114,-0.7725421,0.1155575,47.55246,60.85176,
1326,19.88235,0,410.5677,0.0290179,283.9911,0.0001262033,0.5565242,-0.000435032,-0.8308313,0.004138922,76.93893,0.01301738,
1326,19.98341,0,407.1652,0.03844424,284.3723,0.002851365,0.4715554,0.003218815,-0.881826,46.44543,39.23604,46.483,
1326,20.08409,0,403.8693,0.04999426,285.2803,0.001817352,0.3913758,0.00146044,-0.9202281,46.08835,40.21774,46.112,
1326,20.18495,0,400.7011,0.0470156,286.5985,0.001599169,0.3260056,0.0006249621,-0.9453663,45.9581,41.12264,45.98219,
1326,20.28531,0,397.6554,0.04490925,288.2063,0.00163827,0.285237,0.0007801875,-0.9584553,45.88028,41.67976,45.90238,
1326,20.3854,0,394.7066,0.04559759,290.0005,0.001695093,0.2672742,0.0008833297,-0.9636187,45.87897,41.95271,45.90047,
1326,20.48572,0,391.8109,0.04596159,291.8917,0.001727742,0.270874,0.0008754526,-0.9626129,45.98665,41.99684,46.009,
1326,20.60975,0,390.9058,0.05727628,292.3605,0.02181011,0.3526364,0.01093617,-0.9354423,2.432631,2.170298,2.449585,
1326,20.70946,0,391.0191,0.0570781,292.2547,0.005571056,0.3490808,-0.001218911,-0.9370753,2.231417,1.981147,0.00219608,
1326,20.80968,0,391.0935,0.05678198,292.1978,0.0003398214,0.3438749,-0.003320731,-0.9390095,0.0004521893,1.533576,0.00177787,
1326,20.91123,0,391.1211,0.05704883,292.1781,0.001580779,0.3416892,0.0004263595,-0.9398116,0.1819343,0.1618238,8.079272E-06,
1326,21.01227,0,391.1025,0.05768568,292.1916,0.002674613,0.3434171,0.001376115,-0.9391782,0.6058228,0.5387341,0.6063268,
1326,21.11347,0,391.0404,0.05859907,292.2376,0.003246531,0.3479517,0.0006944128,-0.9375066,1.591274,1.412741,0.0002426887,
1326,21.21432,0,390.9712,0.06639554,292.2899,0.008966334,0.3490196,-0.001311362,-0.9370717,1.441438,1.281073,0.002005025,
1326,21.31519,0,390.9121,0.07446429,292.3376,0.01386707,0.3496286,-0.004263266,-0.936776,1.042975,0.9277461,0.002947184,
1326,21.41636,0,390.9009,0.07528955,292.3488,0.01501132,0.3497852,-0.005988583,-0.9366906,0.02938484,0.02614036,0.0001020063,
1326,21.51713,0,390.911,0.07582849,292.3339,0.01317101,0.351767,-0.005399007,-0.9359794,0.475914,0.422843,0.001472688,
1326,21.61759,0,390.9403,0.07082395,292.2951,0.00967486,0.3538335,-0.002148174,-0.9352559,1.056785,0.937578,0.001832494,
1326,21.7197,0,390.9879,0.05934923,292.2235,0.004085085,0.3580363,0.00129766,-0.9336979,1.779892,1.574582,0.0001423972,
1326,21.82096,0,391.0726,0.05414629,292.0678,0.001381887,0.3701928,0.001200914,-0.9289532,2.4075,2.11806,2.408362,
1326,21.92253,0,391.1784,0.05609996,291.8832,0.002280669,0.3844149,0.0008378699,-0.9231573,3.930417,3.439425,0.0001292607,
1326,22.02438,0,391.3169,0.05721415,291.6589,0.002778942,0.4022663,0.001026325,-0.9155179,4.791615,4.164104,0.0002721399,
1326,22.12527,0,391.493,0.05679714,291.3979,0.002652918,0.423311,0.001162343,-0.9059799,5.701553,4.912807,0.0001270694,
1326,22.22543,0,391.7131,0.05622076,291.1026,0.002475122,0.4474833,0.001199752,-0.8942881,6.594548,5.625589,7.280236E-05,
1326,22.32612,0,391.98,0.05600004,290.7836,0.002400799,0.4747623,0.001266338,-0.8801098,7.437599,6.271844,5.993115E-05,
1326,22.42775,0,392.2988,0.05591371,290.4477,0.002373378,0.504682,0.0013646,-0.863301,8.284945,6.895845,5.210556E-05,
1326,22.52791,0,392.6748,0.05641912,290.1027,0.002301425,0.5369887,0.001453493,-0.843585,9.196714,7.543806,2.840541E-05,
1326,22.6284,0,393.1096,0.05714952,289.759,0.002235757,0.5713268,0.001560934,-0.8207181,9.918382,8.00541,-1.181351E-05,
1326,22.72943,0,393.6103,0.05628129,289.4255,0.002173537,0.6074925,0.001684897,-0.7943207,10.94318,8.676502,-6.254995E-05,
1326,22.82964,0,394.1768,0.05596835,289.117,0.002038632,0.644951,0.00177931,-0.7642192,11.69817,9.095868,-0.0001675823,
1326,22.93043,0,394.8122,0.05594119,288.8461,0.001930387,0.6834514,0.001899824,-0.729991,9.868591,7.511311,9.876891,
1326,23.03135,0,395.5135,0.05581223,288.6284,0.001817344,0.7224068,0.002017833,-0.6914631,10.52804,7.829464,10.53687,
1326,23.13213,0,396.272,0.05563487,288.4823,0.00162015,0.7607632,0.002148218,-0.6490241,11.04687,8.013881,11.05575,
1326,23.23441,0,397.0508,0.05552729,288.4384,0.001225769,0.7936451,0.002276309,-0.6083755,10.93937,7.753335,10.94682,
1326,23.33486,0,397.7974,0.05556745,288.5028,0.0009701233,0.8174142,0.002275467,-0.576045,10.3748,7.220253,10.38108,
1326,23.43562,0,398.4778,0.05573412,288.6529,0.0008867825,0.83188,0.002212785,-0.5549506,9.555384,6.571949,9.560993,
1326,23.53748,0,399.0667,0.05597588,288.8536,0.0008853449,0.8375074,0.002115853,-0.5464212,8.386678,5.740702,8.391597,
1326,23.63707,0,399.559,0.0562689,289.0766,0.0009572366,0.8352884,0.002059467,-0.5498075,7.285413,4.996264,7.289855,
1326,23.73845,0,399.9718,0.05517331,289.2835,0.001250379,0.8297973,0.001941212,-0.5580601,7.969937,5.490977,-0.0001161545,
1326,23.83912,0,400.3263,0.05559433,289.4424,0.00145113,0.8272799,0.001804508,-0.5617852,6.612674,4.565343,0.0003933676,
1326,23.94059,0,400.6692,0.05639613,289.5822,0.001359773,0.8267326,0.001889274,-0.5625902,5.016976,3.465261,9.793745E-05,
1326,24.04164,0,400.8827,0.05665072,289.6669,0.001308984,0.8266715,0.001943752,-0.5626799,3.702178,2.557263,-1.369258E-05,
1326,24.14284,0,401.0312,0.05683266,289.7255,0.001319244,0.8266722,0.001951665,-0.5626789,2.480051,1.71309,-5.987319E-06,
1326,24.24307,0,401.1234,0.05706776,289.7619,0.001349475,0.8266771,0.001979776,-0.5626715,1.390897,0.9607674,7.161537E-07,
1326,24.3441,0,401.1611,0.05730254,289.7768,0.001358311,0.826677,0.001993403,-0.5626717,0.3207342,0.2215496,1.280556E-07,
1326,24.44448,0,401.1453,0.05746398,289.7706,0.001359645,0.826672,0.001997925,-0.5626789,0.6993392,0.4830763,-4.68128E-08,
1326,24.54518,0,401.0805,0.05733515,289.7451,0.00136615,0.8267139,0.002007395,-0.5626173,1.672583,1.15532,1.07929E-08,
1326,24.64648,0,400.9687,0.05708257,289.701,0.001363122,0.8267155,0.002002902,-0.5626151,2.60202,1.797314,4.207243E-08,
1326,24.74662,0,400.8102,0.0568693,289.6385,0.001358737,0.8267048,0.001996435,-0.5626308,3.467993,2.395489,1.993467E-08,
1326,24.84721,0,400.6079,0.05670639,289.5587,0.001356066,0.8267036,0.001992613,-0.5626325,4.370505,3.018892,-6.207677E-08,
1326,24.94755,0,400.3573,0.0565264,289.4599,0.00134157,0.8267035,0.001971267,-0.5626328,5.361948,3.703692,-3.201425E-08,
1326,25.04825,0,400.0539,0.05631026,289.3402,0.001324024,0.8267035,0.001945443,-0.5626328,6.440861,4.448893,1.027077E-08,
1326,25.14886,0,399.6935,0.0560748,289.1981,0.001308441,0.8267037,0.001922548,-0.5626329,7.597413,5.247711,1.098796E-08,
1326,25.25041,0,399.2747,0.0558348,289.0318,0.001314135,0.8268918,0.001901425,-0.5623563,8.756803,6.047568,4.845058E-05,
1326,25.35,0,398.8065,0.05703703,288.8246,0.001434272,0.8303595,0.001770705,-0.5572236,9.90626,6.82176,0.0006446289,
1326,25.45091,0,398.3008,0.05667572,288.5607,0.001430004,0.838835,0.00185857,-0.5443807,10.9209,7.467105,0.0006532176,
1326,25.55204,0,397.7416,0.05590253,288.2648,0.001099103,0.8455287,0.002001375,-0.533925,9.39937,6.389479,9.405777,
1326,25.65335,0,397.1232,0.05570918,287.9541,0.00108053,0.8480792,0.001982562,-0.5298647,10.18058,6.90492,10.18745,
1326,25.75513,0,396.4482,0.05559975,287.6194,0.001190173,0.8490703,0.001917303,-0.5282751,14.42558,9.775468,-1.067164E-05,
1326,25.85536,0,395.7202,0.05537935,287.2589,0.001196222,0.8495123,0.001915142,-0.5275638,15.46916,10.47853,2.88062E-05,
1326,25.95568,0,394.9389,0.05514374,286.8717,0.001180232,0.8497205,0.001907266,-0.5272285,16.59224,11.23714,-1.425873E-05,
1326,26.05696,0,394.1055,0.05493185,286.4585,0.001177449,0.849825,0.001898855,-0.5270602,17.65706,11.95715,-1.042401E-06,
1326,26.15708,0,393.2204,0.05472738,286.0194,0.001174481,0.8498792,0.001892455,-0.5269728,18.72565,12.68014,5.339934E-06,
1326,26.25808,0,392.2842,0.05452063,285.5547,0.001169885,0.8499086,0.001886099,-0.5269253,19.77991,13.39366,2.9127E-06,
1326,26.35958,0,391.2974,0.05431463,285.0648,0.00116527,0.8499251,0.001879111,-0.5268989,20.82365,14.10016,1.930488E-06,
1326,26.46162,0,390.0506,0.05407189,284.4376,0.001246711,0.8510856,0.001820393,-0.5250223,22.05358,14.91743,0.0007397974,
1326,26.5627,0,388.987,0.0538867,283.8416,0.001485829,0.859156,0.00169985,-0.5117089,22.99057,15.4373,0.002978638,
1326,26.66301,0,387.9181,0.05372111,283.1574,0.001257271,0.8723693,0.001827426,-0.4888424,24.0686,15.95861,0.001560039,
1326,26.7634,0,386.8221,0.05452112,282.4152,0.0004955801,0.8820179,0.002562888,-0.4712087,19.29612,12.67185,19.30672,
1326,26.86418,0,385.6903,0.06308682,281.6327,-0.001850966,0.8872242,0.006891489,-0.4612834,20.04207,13.10186,20.04488,
1326,26.96497,0,384.5243,0.06926843,280.8082,-0.002753526,0.8901753,0.009065807,-0.4555197,20.84255,13.58899,20.84412,
1326,27.06531,0,383.3264,0.08721371,279.938,-0.006723843,0.8928794,0.01139785,-0.4501015,21.55226,14.0118,21.52486,
1326,27.16531,0,382.1262,0.08983845,278.998,-0.01156025,0.8996787,0.01087548,-0.4362641,22.2471,14.34302,22.1733,
1326,27.2666,0,380.9462,0.09604569,277.958,-0.01098876,0.9113277,0.005392134,-0.4114999,22.99408,14.60323,22.90738,
1326,27.36699,0,379.7711,0.09486439,276.8438,-0.01312111,0.9205852,0.008592077,-0.3902269,23.80245,14.9525,23.70655,
1326,27.46799,0,378.5844,0.08882251,275.6646,-0.01024214,0.926559,0.004356645,-0.3759849,24.54456,15.2849,24.45905,
1326,27.56929,0,377.3844,0.07760838,274.4268,-0.01122924,0.9302942,0.0008102432,-0.3666415,0.03560247,20.60106,33.14119,
1326,27.66921,0,376.1718,0.07068755,273.1363,-0.00882828,0.933376,0.005394168,-0.3587511,25.97647,16.03207,25.90773,
1326,27.76922,0,374.9752,0.06088029,271.767,-0.004824503,0.9388084,0.001308411,-0.3444034,0.004833958,21.45017,34.99833,
1326,27.8697,0,373.8475,0.05370149,270.2944,-0.001507159,0.9492064,-0.0004695952,-0.3146502,0.01051929,21.62105,35.90744,
1326,27.97006,0,372.7727,0.04903494,268.7214,0.001841961,0.9584744,0.002171747,-0.2851647,37.05638,21.95737,0.01353093,
1326,28.07144,0,371.7279,0.05095569,267.071,0.0009713919,0.9641259,0.002535105,-0.2654318,38.05469,22.30076,0.003196395,
1326,28.17197,0,370.7044,0.05159413,265.3533,0.0004261568,0.9677471,0.00195618,-0.2519159,29.51879,17.16314,29.53685,
1326,28.27263,0,369.6947,0.05083893,263.5734,0.0005732976,0.9701155,0.001897514,-0.2426356,39.98682,23.12743,0.001219636,
1326,28.37278,0,368.6941,0.05061477,261.7356,0.0006285692,0.971809,0.001988523,-0.2357607,40.91014,23.56996,0.001850819,
1326,28.47346,0,367.7316,0.0505957,259.8298,0.0008644899,0.9751509,0.001952328,-0.2215316,41.7592,23.86483,0.005460282,
1326,28.57447,0,366.8699,0.05046738,257.8366,0.0008700439,0.9814535,0.001959815,-0.1916881,42.67452,23.97326,0.006500586,
1326,28.67606,0,366.0988,0.05028962,255.7603,0.0003910812,0.9867306,0.002024255,-0.1623529,43.72498,24.14802,0.0007973116,
1326,28.77733,0,365.3906,0.05011622,253.6147,0.0003223516,0.9899518,0.002019338,-0.1413902,44.71825,24.39436,0.0004785559,
1326,28.87784,0,364.7342,0.04995926,251.4068,0.0003904487,0.9919439,0.00200428,-0.1266623,45.66505,24.69461,0.001940859,
1326,28.97852,0,364.1192,0.0512926,249.1419,-0.0004673324,0.9932012,0.002567917,-0.1163812,34.95473,18.79017,34.97403,
1326,29.07881,0,363.5361,0.05819294,246.8243,-0.001320723,0.994038,0.004687749,-0.1089259,35.61368,19.07162,35.64424,
1326,29.17907,0,362.9773,0.07728191,244.4586,-0.005859897,0.9945298,0.008377315,-0.1039523,36.19955,19.34797,36.21137,
1326,29.28019,0,362.3596,0.1059753,241.5555,-0.01279345,0.9956806,0.007831148,-0.09162533,36.88728,19.5634,36.80688,
1326,29.3811,0,361.979,0.1367267,239.0774,-0.01349145,0.9979386,0.01114137,-0.06174516,37.46233,19.53373,37.41603,
1326,29.48182,0,361.7587,0.1764855,236.5482,-0.01976189,0.9994729,0.01050996,-0.02351871,38.12663,19.41332,38.00527,
1326,29.5817,0,361.6646,0.2198696,233.9703,-0.03085389,0.9994218,0.01254583,0.006833904,38.79729,19.39778,38.57373,
1326,29.68236,0,361.6735,0.266184,231.3536,-0.03982556,0.9987781,0.0103247,0.02738057,39.47745,19.47067,39.12252,
1326,29.78425,0,361.7612,0.2955558,228.7053,-0.04985332,0.9978325,0.006342396,0.04248225,40.11132,19.57037,39.58492,
1326,29.90082,0,361.9566,0.2982743,225.4786,-0.04840099,0.9972387,5.344301E-05,0.05632291,40.88694,19.7284,40.29346,
1326,30.00179,0,362.1847,0.2669415,222.7531,-0.04077274,0.9970617,-0.007639944,0.06439827,0.0892349,26.92289,55.42272,
1326,30.10322,0,362.4623,0.2113782,219.9949,-0.03146807,0.996951,-0.01072463,0.07059374,0.1529736,27.08508,56.15251,
1326,30.20448,0,362.7876,0.1561763,217.197,-0.02318916,0.9967752,-0.007228792,0.07648162,0.09968895,27.41955,57.22005,
1326,30.30572,0,363.16,0.118107,214.3611,-0.0191782,0.9964772,-0.005154677,0.08147866,0.06645363,27.68905,58.05142,
1326,30.40645,0,363.5731,0.09490237,211.4919,-0.01975345,0.9961503,-0.00239341,0.08537334,0.01316022,28.0128,58.87593,
1326,30.50635,0,364.0218,0.08638299,208.5909,-0.02101936,0.995841,-0.0002932996,0.08864992,44.35868,20.93663,44.08472,
1326,30.60663,0,364.5012,0.0886927,205.6571,-0.01853947,0.9956954,0.001878425,0.09079403,44.88858,21.16984,44.67773,
1326,30.70801,0,365.0042,0.1056052,202.6906,-0.01659567,0.9956058,0.00417246,0.09206729,45.40235,21.40858,45.2509,
1326,30.80941,0,365.5239,0.1067917,199.6965,-0.01281243,0.9955847,-0.001447856,0.092978,0.004938321,29.16679,61.75532,
1326,30.91118,0,366.0607,0.08720141,196.6685,-0.008261208,0.9955706,-0.001704037,0.09363784,0.01843445,29.50162,62.58231,
1326,31.01228,0,366.6143,0.0681912,193.6033,-0.00537105,0.9955055,-0.001486339,0.09454047,0.01962967,29.81394,63.34204,
1326,31.11351,0,367.1838,0.05557913,190.5041,-0.005973873,0.9954064,0.0002533793,0.09555264,47.53267,22.3243,47.4555,
1326,31.21529,0,367.7698,0.04853207,187.3726,-0.002125413,0.9953319,0.0003343746,0.09648692,48.0449,22.54843,48.02126,
1326,31.31695,0,368.3706,0.04420651,184.2089,0.001104728,0.9952918,0.001993939,0.09689633,65.49393,30.74207,0.0269664,
1326,31.41818,0,368.9837,0.04606561,181.0126,4.482337E-05,0.9952546,0.00223884,0.09727968,66.16959,31.05457,0.005530842,
1326,31.51958,0,369.6084,0.04695555,177.7852,-0.0003437744,0.9952029,0.001897514,0.09781385,49.54005,23.23934,49.56791,
1326,31.62232,0,370.373,0.04620917,173.8702,-0.0001459501,0.9951584,0.001852587,0.09826592,67.66305,31.73043,0.0007931245,
1326,31.72297,0,371.0215,0.04603308,170.5727,-0.0001559784,0.9951306,0.001879051,0.09854705,68.33127,32.03792,0.0006519566,
1326,31.8245,0,371.6814,0.0460305,167.2442,-0.0001437553,0.9950512,0.001887135,0.09934554,68.99137,32.32986,0.0009764057,
1326,31.92981,0,372.3898,0.04592446,163.8945,2.675965E-05,0.9941267,0.001904644,0.1082054,69.67658,32.45324,0.005164033,
1326,32.03031,0,373.1609,0.04578983,160.5264,-0.0001957668,0.9929409,0.00186862,0.1185955,70.4118,32.56104,0.0006105601,
1326,32.1322,0,373.9844,0.0456719,157.1382,-0.0002226106,0.9919222,0.001858056,0.1268341,71.12329,32.70193,0.0003364505,
1326,32.23325,0,374.8556,0.04556215,153.7296,-0.0001826621,0.991071,0.001859725,0.1333217,71.81312,32.86941,0.001530418,
1326,32.33479,0,375.7698,0.04545111,150.3002,-0.0001845784,0.9903694,0.001856193,0.1384377,72.48471,33.05755,0.001712239,
1326,32.43576,0,376.7226,0.04533968,146.8496,-0.0001936386,0.989795,0.001850739,0.1424868,73.14086,33.26148,0.001678279,
1326,32.53654,0,377.71,0.04522968,143.3772,-0.0002003681,0.9893267,0.001845501,0.1457028,73.78375,33.47741,0.001660643,
1326,32.63735,0,378.7283,0.04512123,139.8826,-0.0002084285,0.9889454,0.001840234,0.1482692,74.41505,33.70232,0.001581473,
1326,32.73774,0,379.7747,0.04501385,136.3652,-0.000217081,0.9886345,0.001834847,0.1503278,75.03614,33.9338,0.001462969,
1326,32.83829,0,380.8461,0.04490737,132.8247,-0.0002253013,0.9883807,0.001829445,0.1519878,75.64793,34.16997,0.00133407,
1326,32.93929,0,381.9403,0.04480198,129.2607,-0.0002329242,0.9881728,0.001824178,0.1533333,76.25116,34.40934,0.001203068,
1326,33.04087,0,383.2612,0.04467811,124.9473,-0.0004365203,0.9887227,0.001793317,0.1497469,56.81901,25.706,56.84933,
1326,33.14148,0,384.2549,0.04460118,121.2981,-0.0007993055,0.9921315,0.001784831,0.1251852,56.95691,26.21851,56.98051,
1326,33.24302,0,385.0039,0.04457105,117.5778,-0.0007659625,0.9970318,0.001830809,0.07696556,57.00443,27.12057,57.02733,
1326,33.3446,0,385.4404,0.04449863,113.7856,-0.0003436772,0.999764,0.001839556,0.02164305,57.17342,28.20939,57.20152,
1326,33.44574,0,385.5912,0.04437852,109.944,-0.0001730966,0.9997146,0.001825258,-0.02382427,57.38785,29.14606,57.41717,
1326,33.5473,0,385.4928,0.04427442,106.0748,-0.0002795793,0.998266,0.001829043,-0.05883601,57.61723,29.90553,57.64333,
1326,33.64832,0,385.1783,0.04419117,102.1925,-0.0002952729,0.9963174,0.001843073,-0.0857215,57.85926,30.52794,57.8843,
1326,33.74939,0,384.6781,0.04411072,98.30583,-0.0002607484,0.9943008,0.001850352,-0.1065956,58.11314,31.05005,58.13822,
1326,33.85055,0,383.9841,0.04403474,94.42999,-0.0004815744,0.9913715,0.001903176,-0.131068,58.21905,31.5638,58.23939,
1326,33.95251,0,383.0272,0.04400836,90.60232,-0.0005392185,0.9856757,0.001974754,-0.1686398,58.14241,32.22633,58.16076,
1326,34.05312,0,381.7464,0.04400053,86.86217,-0.0003734567,0.9761878,0.001976594,-0.2169177,58.10048,33.11357,58.12001,
1326,34.154,0,380.146,0.04392839,83.22602,1.629229E-06,0.9652281,0.001877576,-0.2614026,58.20733,34.02351,58.23187,
1326,34.25481,0,378.2805,0.04382795,79.69361,5.185388E-05,0.9552933,0.001863427,-0.2956541,58.35091,34.77006,58.37496,
1326,34.35603,0,376.1926,0.04375023,76.26361,3.058662E-05,0.9467271,0.001882561,-0.3220317,58.51648,35.38557,58.53912,
1326,34.45645,0,373.9176,0.04368401,72.93016,7.017412E-05,0.9394233,0.00188487,-0.3427539,58.69602,35.90492,58.71873,
1326,34.55801,0,371.4535,0.04362683,69.71616,-0.0001047106,0.9298471,0.001989961,-0.367941,58.71061,36.41793,58.72897,
1326,34.65844,0,368.7647,0.04361503,66.68123,-7.902334E-05,0.91499,0.002050132,-0.4034712,58.56234,37.0447,58.57996,
1326,34.7593,0,365.8233,0.04361479,63.88274,7.458952E-05,0.8945243,0.002010823,-0.4470148,58.46937,37.88181,58.48799,
1326,34.86059,0,361.987,0.04352813,60.84241,0.00044011,0.8705751,0.001808755,-0.492032,58.55481,38.88771,58.57877,
1326,34.96293,0,358.59,0.04343889,58.54445,0.0004354105,0.8541932,0.00181748,-0.5199525,58.66168,39.56337,58.68421,
1326,35.06376,0,355.0489,0.04337334,56.4382,0.0004510339,0.840719,0.001825578,-0.5414683,58.79576,40.1292,58.81767,
1326,35.1643,0,351.3914,0.04331254,54.50093,0.0005210986,0.8297474,0.001795396,-0.558136,58.95963,40.61578,58.98236,
1326,35.26635,0,347.6386,0.04324388,52.71009,0.0005884315,0.8208816,0.001756512,-0.5710954,59.15305,41.04481,59.17675,
1326,35.36787,0,343.7993,0.0431774,51.0715,0.0004592834,0.8099154,0.001874,-0.5865436,59.2282,41.45445,59.24819,
1326,35.46946,0,339.8641,0.04315715,49.66087,0.0004302585,0.7904432,0.00196784,-0.612532,59.1129,41.9856,59.13086,
1326,35.57156,0,335.8267,0.04315422,48.55127,0.0005921334,0.7629402,0.001870952,-0.646466,59.04063,42.75557,59.06042,
1326,35.67228,0,331.7006,0.04308569,47.73962,0.0008688464,0.7369632,0.001614965,-0.6759304,59.10472,43.54101,59.12968,
1326,35.77357,0,327.5123,0.04299391,47.18499,0.0008718811,0.7158363,0.001610905,-0.6982657,59.20301,44.19292,59.2268,
1326,35.87483,0,323.2816,0.04292539,46.85482,0.0008701931,0.698783,0.001628935,-0.7153314,59.32735,44.74159,59.35009,
1326,35.97489,0,319.0216,0.04286605,46.71852,0.0009220819,0.685068,0.001592629,-0.7284769,59.47866,45.2156,59.50203,
1326,36.07572,0,314.7409,0.04280011,46.74837,0.0009729826,0.6740658,0.001545712,-0.738669,59.65657,45.63578,59.68079,
1326,36.17607,0,310.4443,0.04272934,46.91979,0.001018289,0.6652491,0.001498394,-0.7466193,59.85835,46.01641,59.88343,
1326,36.27631,0,306.1344,0.04265802,47.2114,0.001062041,0.6581762,0.001450546,-0.7528619,60.08022,46.36745,60.10627,
1326,36.37742,0,301.8124,0.0425858,47.60492,0.001101992,0.6524862,0.001404666,-0.7577986,60.31832,46.69587,60.34533,
1326,36.47864,0,297.4797,0.04251232,48.09086,0.001081923,0.6466101,0.001431167,-0.7628186,60.53827,47.01515,60.56447,
1326,36.58018,0,292.2946,0.04245776,48.89206,0.0009181297,0.62467,0.001708202,-0.7808864,60.49136,47.52682,60.51108,
1326,36.68168,0,288.0191,0.04244506,49.85513,0.001068811,0.593515,0.001543194,-0.8048208,60.46325,48.26122,60.48575,
1326,36.78244,0,283.7939,0.04237454,51.08778,0.001273744,0.5648969,0.001236618,-0.8251596,60.52973,48.99073,60.55766,
1326,36.88286,0,279.622,0.04228541,52.55041,0.001243073,0.5418516,0.001272459,-0.8404723,60.62567,49.60241,60.65151,
1326,36.98436,0,275.505,0.04221768,54.21105,0.001233376,0.5233892,0.001303136,-0.8520919,60.74413,50.12135,60.76866,
1326,37.0852,0,271.4408,0.04215942,56.04127,0.001265651,0.5085976,0.00126886,-0.8610025,60.88464,50.57217,60.90958,
1326,37.18626,0,267.425,0.04209605,58.01645,0.001294702,0.4967379,0.001226488,-0.8678987,61.04662,50.97341,61.07212,
1326,37.28777,0,263.4521,0.04202913,60.1155,0.001320473,0.4872134,0.001183044,-0.8732812,61.22787,51.33804,61.25399,
1326,37.38787,0,259.5112,0.04196245,62.31286,0.001405339,0.4816448,0.001031723,-0.8763648,61.44559,51.64513,61.47497,
1326,37.48829,0,255.551,0.0419005,64.5111,0.001620561,0.4925734,0.0006752871,-0.8702692,77.81952,65.09759,0.005218749,
1326,37.58957,0,251.5159,0.04184444,66.60658,0.001477323,0.5148903,0.0009064972,-0.8572543,78.46652,64.99298,-0.0004108339,
1326,37.69038,0,247.4077,0.04176814,68.60061,0.001360097,0.533727,0.001070537,-0.845655,62.56305,51.37933,62.59378,
1326,37.79177,0,243.2336,0.04169014,70.50156,0.0014292,0.5489559,0.0009444765,-0.8358495,79.65395,64.95539,-0.0001236102,
1326,37.8927,0,238.9994,0.04161816,72.31583,0.001463755,0.5613493,0.0008909702,-0.8275772,80.18363,65.00677,0.002153595,
1326,37.99334,0,234.7108,0.04154932,74.05067,0.001469464,0.5713999,0.0008839071,-0.8206701,80.67509,65.09187,0.002935658,
1326,38.09469,0,230.3732,0.04147967,75.71378,0.001472758,0.5795293,0.0008765757,-0.8149496,81.13363,65.20491,0.003595394,
1326,38.19458,0,225.9914,0.0414103,77.31293,0.001471354,0.5861093,0.0008753836,-0.8102302,81.56494,65.34113,0.003977427,
1326,38.29589,0,221.5697,0.04134251,78.8556,0.001465047,0.5914512,0.0008814559,-0.8063391,81.97415,65.49635,0.004066277,
1326,38.39639,0,217.1114,0.04127579,80.34874,0.001456041,0.5958055,0.0008908659,-0.8031271,82.36553,65.66708,0.0039883,
1326,38.49672,0,212.6196,0.04120945,81.79874,0.001445536,0.5993712,0.0009017363,-0.8004695,82.74236,65.85026,0.003810519,
1326,38.59714,0,208.0968,0.04114351,83.21134,0.001434303,0.6023057,0.00091324,-0.7982637,83.10716,66.04337,0.003570103,
1326,38.69732,0,203.5453,0.04107808,84.59165,0.001422972,0.6047332,0.0009246245,-0.7964264,83.46186,66.24426,0.003299341,
1326,38.79763,0,198.9701,0.04101339,85.95542,0.001331611,0.6044097,0.001044638,-0.7966718,83.75989,66.49164,-0.000730807,
1326,38.89863,0,194.4109,0.04096588,87.41062,0.001091199,0.5877903,0.001424998,-0.8090114,65.89801,52.74716,65.92339,
1326,39.00045,0,189.0718,0.04097921,89.52405,0.001114048,0.5374432,0.001524925,-0.843298,65.50231,53.70203,65.52467,
1326,39.10196,0,184.8239,0.04097119,91.74062,0.001255971,0.4787547,0.001292013,-0.8779469,65.21809,54.88425,65.24277,
1326,39.20187,0,180.7983,0.04089633,94.36691,0.001380478,0.4245093,0.001031049,-0.905422,65.03467,55.98893,65.06242,
1326,39.30311,0,176.9998,0.0408272,97.33546,0.001339837,0.3799917,0.001137339,-0.9249883,64.89135,56.87034,64.91467,
1326,39.40403,0,173.4266,0.04078753,100.5888,0.001334123,0.3435471,0.001219664,-0.9391338,64.77456,57.57452,64.79488,
1326,39.50445,0,170.0694,0.04076081,104.078,0.001370582,0.3136369,0.001202401,-0.9495413,64.68711,58.14938,64.70703,
1326,39.6062,0,166.9142,0.04073135,107.7627,0.001403743,0.2890803,0.001159292,-0.9573031,64.63381,58.63162,64.65388,
1326,39.70635,0,163.9436,0.04069784,111.6094,0.001432834,0.2689506,0.001103634,-0.9631523,64.61667,59.04744,64.63724,
1326,39.80634,0,161.1389,0.04066314,115.5906,0.001461406,0.2524846,0.001036458,-0.9675993,64.63516,59.41541,64.65661,
1326,39.91045,0,158.4811,0.04062623,119.6838,0.001487434,0.2390391,0.0009640735,-0.9710084,64.68676,59.74859,64.7093,
1326,40.01203,0,155.9515,0.04058527,123.8711,0.001509748,0.2280659,0.0008913502,-0.9736441,64.76764,60.05604,64.79135,
1326,40.11285,0,153.5329,0.04054065,128.1376,0.001528682,0.2191016,0.0008213744,-0.9757006,64.87333,60.34402,64.89822,
1326,40.21427,0,151.2097,0.0404933,132.4718,0.001544523,0.2117607,0.0007561836,-0.9773201,64.99935,60.61684,65.02538,
1326,40.31601,0,148.968,0.04044367,136.8642,0.001557626,0.2057275,0.0006969031,-0.9786078,65.14161,60.87745,65.16871,
1326,40.41719,0,146.7958,0.04039229,141.3071,0.001568311,0.2007472,0.0006439444,-0.9796417,65.29653,61.12796,65.32459,
1326,40.51911,0,144.7069,0.04034334,145.8036,0.001542521,0.1908483,0.0008246357,-0.981618,65.36039,61.39799,65.38447,
1326,40.62033,0,142.4639,0.04033848,151.3152,0.001569283,0.1548098,0.001061902,-0.9879425,65.06676,61.88129,65.08559,
1326,40.72078,0,140.9665,0.04036758,156.0399,0.001619208,0.1057108,0.0009546671,-0.9943952,64.75208,62.60329,64.77132,
1326,40.82064,0,139.8613,0.0403346,160.8805,0.001644893,0.05656088,0.00056449,-0.9983976,64.57018,63.44086,64.59492,
1326,40.92213,0,139.1085,0.04026892,165.8004,0.001645818,0.01680454,0.0005466281,-0.9998573,64.44122,64.1303,64.46454,
1326,41.02259,0,138.6552,0.04022751,170.767,0.001660922,-0.01530762,0.0006442274,-0.9998813,78.93359,0.3848547,78.95825,
1326,41.12302,0,138.4612,0.0402054,175.7585,0.00168145,-0.04074101,0.0006099371,-0.9991682,79.06118,1.026141,79.08578,
1326,41.22458,0,138.4443,0.04017859,180.7641,0.001678178,-0.0471356,0.0001222999,-0.9988871,79.21599,1.189618,79.25305,
1326,41.32516,0,138.4228,0.04014343,185.7804,0.001670468,-0.03065717,0.0001375803,-0.9995286,79.40392,0.775403,79.44126,
1326,41.42664,0,138.3405,0.04009206,190.808,0.00165956,-0.01238675,0.0004535093,-0.9999218,79.59658,0.314029,79.62648,
1326,41.52754,0,138.2007,0.04004443,195.8472,0.001649715,0.002083731,0.0003056449,-0.9999965,65.17158,65.1626,65.19956,
1326,41.62949,0,138.0203,0.0399951,200.8994,0.001646576,0.01370795,0.0001364988,-0.9999047,65.44013,65.18879,65.47211,
1326,41.72973,0,137.8014,0.03994303,205.9639,0.001649437,0.01891711,0.00028985,-0.9998196,65.63411,65.27326,65.66329,
1326,41.83175,0,137.6762,0.03991907,211.0378,0.001683404,0.001479306,0.0006236337,-0.9999973,65.55515,65.55945,65.57735,
1326,41.93237,0,137.7624,0.03991545,216.1183,0.001687877,-0.03366041,0.000369035,-0.9994318,80.43758,0.8624859,80.46958,
1326,42.0335,0,138.1008,0.03986216,221.2016,0.001656053,-0.06561083,4.600734E-05,-0.997844,80.64909,1.686427,80.6875,
1326,42.13527,0,138.6705,0.04107653,226.2781,0.00197842,-0.09135389,-0.0006927354,-0.9958163,114.3781,3.332753,0.01854734,
1326,42.23623,0,139.4409,0.04449253,231.3402,0.001488652,-0.111544,-0.001729421,-0.9937569,114.5945,4.079314,0.05666314,
1326,42.33679,0,140.3861,0.03862353,236.3845,0.001375623,-0.1285346,0.0007920954,-0.9917037,81.23515,3.334236,81.2429,
1326,42.4374,0,141.4921,0.0386987,241.4093,0.001603076,-0.1422416,0.0003216453,-0.9898306,81.39967,3.699909,81.42544,
1326,42.53895,0,142.7621,0.03990801,246.4038,0.001783046,-0.1593303,0.0002549886,-0.9872237,81.47284,4.152,81.50356,
1326,42.64047,0,144.6227,0.03976769,252.3023,0.001795816,-0.1974834,0.0004056171,-0.9803045,81.49098,5.159294,81.51508,
1326,42.74187,0,146.4842,0.0395355,257.1189,0.001677159,-0.2283583,3.297999E-05,-0.9735758,81.63039,5.989551,81.66186,
1326,42.84268,0,148.5884,0.03953143,261.846,0.001686032,-0.2531671,3.118441E-05,-0.9674211,81.76204,6.664811,81.7924,
1326,42.94423,0,150.9025,0.0395377,266.4847,0.001713548,-0.2731296,6.158091E-05,-0.9619758,81.88781,7.214723,81.9166,
1326,43.0451,0,153.37,0.03949786,271.0556,0.001634613,-0.2824731,-0.0002471432,-0.9592738,82.03934,7.482199,82.07626,
1326,43.14557,0,155.8559,0.03945648,275.6281,0.001595656,-0.272153,-0.0003777053,-0.9622527,82.21831,7.217256,82.25935,
1326,43.24628,0,158.3075,0.03941328,280.232,0.001666983,-0.2590195,-6.799027E-05,-0.9658706,82.41462,6.876918,82.44772,
1326,43.34662,0,160.7271,0.03936993,284.866,0.00163859,-0.2484847,-0.000150146,-0.9686344,82.61729,6.607251,82.65314,
1326,43.44675,0,163.1158,0.03932535,289.5301,0.001604196,-0.2399543,-0.0002727248,-0.9707828,82.82626,6.391909,82.86589,
1326,43.54747,0,165.4752,0.03927876,294.2236,0.001593351,-0.2329355,-0.0003105718,-0.9724908,83.03755,6.21718,83.07861,
1326,43.64723,0,167.8071,0.03923166,298.9453,0.001585815,-0.227082,-0.0003338437,-0.9738743,117.6036,8.579921,-0.001310448,
1326,43.7471,0,170.1135,0.03918474,303.6939,0.001579048,-0.2221537,-0.0003538132,-0.9750103,117.9043,8.411948,-0.000218536,
1326,43.84842,0,172.3962,0.03913835,308.468,0.00157444,-0.2179838,-0.000366129,-0.9759511,118.1999,8.272113,0.0005315918,
1326,43.94949,0,174.6572,0.03909263,313.2666,0.001571175,-0.2144556,-0.0003732909,-0.9767324,118.4905,8.156077,0.001043712,
1326,44.05023,0,176.8975,0.04225728,318.0889,0.002126601,-0.2112819,-0.002263321,-0.9774202,118.7674,8.054555,0.06670156,
1326,44.15076,0,179.116,0.04143951,322.9335,0.0008026646,-0.2087987,-0.001032539,-0.9779578,119.0146,7.971177,0.03191513,
1326,44.2515,0,181.3196,0.03736362,327.7989,0.001672751,-0.2066219,0.0002486147,-0.9784194,84.46012,5.598088,84.48692,
1326,44.35322,0,183.5336,0.03853387,332.6717,0.001683917,-0.2109322,-0.000131242,-0.9774992,84.58363,5.725144,84.6226,
1326,44.45525,0,185.8963,0.0392509,337.4752,0.001761727,-0.2389852,0.0001537688,-0.9710217,84.50953,6.495073,84.53923,
1326,44.55517,0,188.577,0.03900037,342.1049,0.001770474,-0.289973,0.0001354143,-0.9570332,84.46852,7.914379,84.49575,
1326,44.65548,0,191.6383,0.03884435,346.5012,0.001625459,-0.3431579,-0.0002533942,-0.9392763,84.54517,9.431372,84.58001,
1326,44.75573,0,195.0333,0.03884653,350.6582,0.001623865,-0.3862551,-0.0002600737,-0.9223906,84.61548,10.68661,84.64811,
1326,44.85667,0,198.709,0.03883585,354.5801,0.001695948,-0.4206246,-0.000135243,-0.9072332,84.65808,11.70481,84.68517,
1326,44.95677,0,202.6191,0.03880853,358.2769,0.001724284,-0.4482204,-0.0001315959,-0.8939215,84.682,12.53446,84.70749,
1326,45.05888,0,206.7249,0.03879118,361.7627,0.001726119,-0.470529,-0.0001684651,-0.8823828,84.70173,13.21492,84.72705,
1326,45.16047,0,211.8646,0.03877413,365.6908,0.001714023,-0.4918434,-0.0002217442,-0.870682,84.73469,13.87622,84.76035,
1326,45.26199,0,216.2941,0.03875702,368.7729,0.001694015,-0.5060145,-0.0002764575,-0.8625233,84.77709,14.32466,84.80361,
1326,45.36219,0,220.8337,0.0387377,371.7005,0.001667791,-0.5175943,-0.0003354549,-0.8556246,84.83611,14.6988,84.86378,
1326,45.46262,0,225.4659,0.0387157,374.4915,0.001638087,-0.5270813,-0.0003943257,-0.8498132,84.9121,15.01282,84.94108,
1326,45.563,0,230.1765,0.03869073,377.1624,0.00160696,-0.5348779,-0.0004509166,-0.8449278,85.00399,15.27814,85.03432,
1326,45.66341,0,234.9529,0.03866292,379.7305,0.00155343,-0.5407281,-0.0005385578,-0.8411958,85.11786,15.4867,85.15069,
1326,45.76425,0,239.7513,0.03863355,382.2753,0.001317401,-0.5338205,-0.0009269156,-0.8455964,119.6491,21.45742,0.003069018,
1326,45.86519,0,244.5034,0.03860781,384.9225,0.001402923,-0.5146609,-0.0007784478,-0.8573924,85.45627,14.71303,85.49842,
1326,45.96659,0,249.2028,0.03856798,387.6825,0.001496709,-0.4976013,-0.0005989745,-0.8674044,85.66661,14.20955,85.70401,
1326,46.06724,0,253.8613,0.03852734,390.5296,0.001524953,-0.4871575,-0.0005465039,-0.8733127,85.82091,13.90719,85.85732,
1326,46.16781,0,258.5475,0.03851985,393.3342,0.001715842,-0.4980111,-0.0002984703,-0.8671689,85.75215,14.23685,85.78058,
1326,46.26905,0,263.3525,0.03854669,395.9268,0.001636611,-0.5289776,-0.0004623905,-0.8486341,85.72427,15.21754,85.75594,
1326,46.36998,0,268.3015,0.03851233,398.2532,0.001392313,-0.5606515,-0.0007984228,-0.8280503,85.78716,16.26063,85.82762,
1326,46.47142,0,273.3711,0.03845418,400.3307,0.001419266,-0.5862354,-0.0007396787,-0.8101392,85.85934,17.12822,85.89627,
1326,46.57258,0,278.5388,0.03841871,402.177,0.001518775,-0.6072683,-0.0006187186,-0.7944952,85.9124,17.85602,85.94391,
1326,46.67327,0,283.7978,0.03840973,403.7497,0.001758775,-0.633454,-0.0003834442,-0.7737782,85.76717,18.73805,85.78866,
1326,46.77458,0,289.1479,0.03845458,404.9276,0.001869163,-0.6699048,-0.0003802255,-0.7424446,85.414,19.9688,85.4323,
1326,46.87453,0,294.5673,0.0385315,405.5987,0.001880522,-0.7131066,-0.0004795492,-0.701053,84.956,21.48089,84.97373,
1326,46.97596,0,300.0166,0.03857476,405.6902,0.001773844,-0.756922,-0.0006047562,-0.6535026,84.65204,23.14722,84.67009,
1326,47.07712,0,305.4464,0.03855956,405.2314,0.001618984,-0.7923899,-0.0007596837,-0.6100124,84.43078,24.59569,84.45148,
1326,47.17709,0,310.8096,0.0385551,404.2814,0.001676887,-0.8205891,-0.000761874,-0.5715157,84.18602,25.80388,84.20325,
1326,47.27843,0,316.0804,0.03857439,402.9162,0.001497329,-0.8403263,-0.0009281561,-0.5420781,84.03776,26.7071,84.06014,
1326,47.37934,0,321.2896,0.03858252,401.3238,0.00113652,-0.8434643,-0.001187898,-0.5371827,84.03642,26.86245,84.071,
1326,49.97936,1,327.5298,0.03856535,399.3678,0.001463915,-0.8335917,-0.0009386615,-0.5523784,84.15004,26.41296,84.17387,
1326,50.0915,1,332.7085,0.05329641,397.7523,0.01180903,-0.8258767,0.0004099458,-0.5637271,83.53326,25.89493,83.43557,
1326,50.192,1,337.8369,0.2384451,396.161,0.005197907,-0.8179936,-0.009414181,-0.5751268,114.4773,35.02742,0.04251476,
1326,50.39156,1,347.9433,0.2747987,393.031,-0.03416325,-0.7990121,0.0105124,-0.6002516,3.655615,117.1817,2.657845,
1326,50.59175,1,357.9369,-0.02030575,390.3649,0.00689316,-0.7814626,0.0007843673,-0.6239136,79.43096,22.70757,79.37556,
1326,50.69178,1,362.9161,0.02777902,389.3103,0.008419523,-0.7755352,-0.007714964,-0.6312011,78.50703,22.26233,78.74876,
1326,50.79278,1,367.8566,0.05382859,388.3222,0.0004092482,-0.7702891,-0.001847871,-0.637692,108.0857,30.26815,0.02971197,
1326,51.06073,1,373.7312,0.03911523,387.2186,0.0005987567,-0.7646754,-0.0006792992,-0.644415,106.8159,29.60732,-0.0006837424,
1326,51.17444,1,379.5455,0.03887106,386.1986,0.001290776,-0.7601802,-0.00156109,-0.6497092,105.5489,29.03306,0.001110526,
1326,51.27538,1,384.3435,0.04140014,385.4043,0.001266029,-0.7571723,-0.001614608,-0.653212,104.4985,28.59068,0.003197971,
1326,51.37679,1,389.0978,0.04124734,384.6544,0.001212598,-0.7546864,-0.001519009,-0.6560829,103.4502,28.17776,0.002684262,
1326,51.47852,1,393.8079,0.04095692,383.9442,0.001196055,-0.7526376,-0.001489483,-0.6584324,102.4062,27.79141,0.00262658,
1326,51.57956,1,398.4734,0.04122317,383.2693,0.001215747,-0.7509544,-0.001505062,-0.6603511,101.3681,27.42752,0.002611948,
1326,51.68101,1,403.0941,0.04149695,382.6255,0.001237531,-0.7495759,-0.001516528,-0.6619156,100.337,27.08209,0.002434935,
1326,51.78175,1,407.67,0.04165195,382.0093,0.001246797,-0.7484485,-0.001513481,-0.6631901,99.31367,26.75208,0.002232064,
1326,51.88285,1,412.1957,0.04180637,381.3873,0.001454434,-0.7521506,-0.001345239,-0.6589882,70.62631,19.15063,70.66596,
1326,51.98356,1,416.642,0.04201552,380.6274,0.001744578,-0.77066,-0.001175568,-0.6372431,69.58447,19.50136,69.61598,
1326,52.08408,1,420.9601,0.04227608,379.5793,0.001736571,-0.8027128,-0.00128337,-0.5963619,68.35851,20.28931,68.38981,
1326,52.18596,1,425.8839,0.04259886,377.8004,0.001742071,-0.849596,-0.0013678,-0.5274294,66.76162,21.58871,66.78974,
1326,52.28646,1,429.6851,0.04283205,375.8129,0.001721027,-0.8892298,-0.00140661,-0.4574555,65.53854,22.87213,65.56258,
1326,52.38676,1,433.1629,0.04301734,373.3963,0.001408232,-0.9207071,-0.001590907,-0.3902488,64.48798,24.03003,64.51548,
1326,52.48815,1,436.3148,0.0431949,370.6467,0.001415514,-0.9427559,-0.001636885,-0.3334766,63.4214,24.86308,63.44618,
1326,52.58842,1,439.1046,0.04341383,367.6168,0.001642578,-0.960914,-0.001648337,-0.2768372,62.1516,25.54312,62.16975,
1326,52.68877,1,441.5024,0.04369475,364.3573,0.00147618,-0.9753191,-0.00181172,-0.2207878,60.81245,26.11431,60.83286,
1326,52.78984,1,443.515,0.04398739,360.9337,0.001273105,-0.9854279,-0.001941122,-0.1700782,59.44069,26.50464,59.4635,
1326,52.89061,1,445.1636,0.04427632,357.4088,0.001227062,-0.99209,-0.002002381,-0.1255072,58.06913,26.7268,58.09087,
1326,52.99051,1,446.4586,0.04454749,353.8195,0.001239197,-0.9965523,-0.002021074,-0.08293356,56.8174,26.92526,56.8364,
1326,53.0915,1,447.4084,0.04477513,350.1898,0.001043483,-0.9991153,-0.002045281,-0.04199259,55.79329,27.16874,55.81339,
1326,53.1919,1,448.0584,0.04495761,346.5481,0.0008298682,-0.9999605,-0.002076104,-0.008608002,54.8913,27.31339,54.91352,
1326,53.29246,1,448.4522,0.04513645,342.9205,0.0007540441,-0.9998386,-0.002105772,0.01783274,54.04776,27.34893,54.07014,
1326,53.39342,1,448.6312,0.0453156,339.3242,0.0006483545,-0.9992623,-0.00212729,0.03833993,53.26495,27.30096,53.28822,
1326,53.49449,1,448.6344,0.04548351,335.769,0.0005227932,-0.998542,-0.002139233,0.05393594,52.54058,27.19103,52.56519,
1326,53.59529,1,448.497,0.04563982,332.2596,0.00040483,-0.9978424,-0.002144873,0.0656193,51.86792,27.03633,51.89384,
1326,53.69724,1,448.2293,0.04579312,328.8016,0.0004922665,-0.9968499,-0.002175801,0.07928035,51.12794,26.87382,51.15183,
1326,53.79888,1,447.7808,0.04598258,325.4152,0.0005652448,-0.9943987,-0.002245053,0.1056689,50.2148,26.81814,50.23677,
1326,53.89901,1,447.101,0.04620685,322.1255,0.0004436223,-0.9894832,-0.002288528,0.1446293,49.25152,26.92002,49.27396,
1326,54.00008,1,446.1692,0.04638534,318.9467,0.0001239624,-0.982174,-0.002227888,0.1879607,48.48434,27.17909,48.50942,
1326,54.10086,1,445.0359,0.04649749,315.8734,-0.0001454939,-0.9751116,-0.002166271,0.221704,47.81738,27.33014,47.84488,
1326,54.2015,1,443.7484,0.04661918,312.9012,-0.0001296736,-0.9691831,-0.002182104,0.2463318,47.18484,27.34937,47.21092,
1326,54.3022,1,442.3428,0.04675801,310.0236,-0.0001646515,-0.9644554,-0.002190389,0.2642369,46.58472,27.27639,46.61048,
1326,54.40225,1,440.8488,0.04689211,307.2314,-0.000243072,-0.9608041,-0.002181351,0.2772196,46.01571,27.14097,46.04198,
